Year,RoundNumber,EventName
2023,1,Bahrain Grand Prix
2023,2,Saudi Arabian Grand Prix
2023,3,Australian Grand Prix
2023,4,Azerbaijan Grand Prix
2023,5,Miami Grand Prix
2023,6,Monaco Grand Prix
2023,7,Spanish Grand Prix
2023,8,Canadian Grand Prix
2023,9,Austrian Grand Prix
2023,10,British Grand Prix
2023,11,Hungarian Grand Prix
2023,12,Belgian Grand Prix
2023,13,Dutch Grand Prix
2023,14,Italian Grand Prix
2023,15,Singapore Grand Prix
2023,16,Japanese Grand Prix
2023,17,Qatar Grand Prix
2023,18,United States Grand Prix
2023,19,Mexico City Grand Prix
2023,20,São Paulo Grand Prix
2023,22,Abu Dhabi Grand Prix
2024,1,Bahrain Grand Prix
2024,2,Saudi Arabian Grand Prix
2024,3,Australian Grand Prix
2024,4,Japanese Grand Prix
2024,5,Chinese Grand Prix
2024,6,Miami Grand Prix
2024,7,Emilia Romagna Grand Prix
2024,8,Monaco Grand Prix
2024,9,Canadian Grand Prix
2024,10,Spanish Grand Prix
2024,11,Austrian Grand Prix
2024,12,British Grand Prix
2024,13,Hungarian Grand Prix
2024,14,Belgian Grand Prix
2024,15,Dutch Grand Prix
2024,16,Italian Grand Prix
2024,17,Azerbaijan Grand Prix
2024,18,Singapore Grand Prix
2024,19,United States Grand Prix
2024,20,Mexico City Grand Prix
2024,21,São Paulo Grand Prix
2024,23,Qatar Grand Prix
2024,24,Abu Dhabi Grand Prix
